{
	"textures": {
		"particle": "minecraft:block/ladder/siderail_0",
		"siderail_0": "minecraft:block/ladder/siderail_0",
		"siderail_1": "minecraft:block/ladder/siderail_1",
		"steps_0": "minecraft:block/ladder/steps_0",
		"steps_1": "minecraft:block/ladder/steps_1"
	},
	"elements": [
		{
			"from": [2, 0, 14],
			"to": [4, 16, 16],
			"faces": {
				"north": {"uv": [8, 0, 10, 16], "texture": "#siderail_1"},
				"east": {"uv": [14, 0, 16, 16], "texture": "#siderail_1"},
				"south": {"uv": [12, 0, 14, 16], "texture": "#siderail_1", "cullface": "south"},
				"west": {"uv": [10, 0, 12, 16], "texture": "#siderail_1"},
				"up": {"uv": [6, 0, 8, 2], "rotation": 180, "texture": "#siderail_1", "cullface": "up"},
				"down": {"uv": [6, 2, 8, 4], "rotation": 180, "texture": "#siderail_1", "cullface": "down"}
			}
		},
		{
			"from": [12, 0, 14],
			"to": [14, 16, 16],
			"faces": {
				"north": {"uv": [8, 0, 10, 16], "texture": "#siderail_0"},
				"east": {"uv": [14, 0, 16, 16], "texture": "#siderail_0"},
				"south": {"uv": [12, 0, 14, 16], "texture": "#siderail_0", "cullface": "south"},
				"west": {"uv": [12, 0, 14, 16], "texture": "#siderail_0"},
				"up": {"uv": [6, 0, 8, 2], "rotation": 180, "texture": "#siderail_0", "cullface": "up"},
				"down": {"uv": [6, 2, 8, 4], "rotation": 180, "texture": "#siderail_0", "cullface": "down"}
			}
		},
		{
			"from": [0, 14, 13],
			"to": [16, 15, 15],
			"faces": {
				"north": {"uv": [0, 2, 16, 3], "texture": "#steps_0"},
				"east": {"uv": [0, 6, 1, 8], "rotation": 270, "texture": "#steps_0", "cullface": "east"},
				"south": {"uv": [0, 5, 16, 6], "rotation": 180, "texture": "#steps_0"},
				"west": {"uv": [15, 6, 16, 8], "rotation": 90, "texture": "#steps_0", "cullface": "west"},
				"up": {"uv": [0, 0, 16, 2], "rotation": 180, "texture": "#steps_0"},
				"down": {"uv": [0, 3, 16, 5], "rotation": 180, "texture": "#steps_0"}
			}
		},
		{
			"from": [0, 10, 13],
			"to": [16, 11, 15],
			"faces": {
				"north": {"uv": [0, 10, 16, 11], "texture": "#steps_0"},
				"east": {"uv": [0, 14, 1, 16], "rotation": 270, "texture": "#steps_0", "cullface": "east"},
				"south": {"uv": [0, 13, 16, 14], "rotation": 180, "texture": "#steps_0"},
				"west": {"uv": [15, 14, 16, 16], "rotation": 90, "texture": "#steps_0", "cullface": "west"},
				"up": {"uv": [0, 8, 16, 10], "rotation": 180, "texture": "#steps_0"},
				"down": {"uv": [0, 11, 16, 13], "rotation": 180, "texture": "#steps_0"}
			}
		},
		{
			"from": [0, 6, 13],
			"to": [16, 7, 15],
			"faces": {
				"north": {"uv": [0, 2, 16, 3], "texture": "#steps_1"},
				"east": {"uv": [0, 6, 1, 8], "rotation": 270, "texture": "#steps_1", "cullface": "east"},
				"south": {"uv": [0, 5, 16, 6], "rotation": 180, "texture": "#steps_1"},
				"west": {"uv": [15, 6, 16, 8], "rotation": 90, "texture": "#steps_0", "cullface": "west"},
				"up": {"uv": [0, 0, 16, 2], "rotation": 180, "texture": "#steps_1"},
				"down": {"uv": [0, 3, 16, 5], "rotation": 180, "texture": "#steps_1"}
			}
		},
		{
			"from": [0, 2, 13],
			"to": [16, 3, 15],
			"faces": {
				"north": {"uv": [0, 10, 16, 11], "texture": "#steps_1"},
				"east": {"uv": [0, 14, 1, 16], "rotation": 270, "texture": "#steps_1", "cullface": "east"},
				"south": {"uv": [0, 13, 16, 14], "rotation": 180, "texture": "#steps_1"},
				"west": {"uv": [15, 14, 16, 16], "rotation": 90, "texture": "#steps_1", "cullface": "west"},
				"up": {"uv": [0, 8, 16, 10], "rotation": 180, "texture": "#steps_1"},
				"down": {"uv": [0, 11, 16, 13], "rotation": 180, "texture": "#steps_1"}
			}
		}
	],
	"display": {
		"thirdperson_righthand": {
			"rotation": [0, 180, 0],
			"translation": [0, 3, 4.25],
			"scale": [0.5, 0.5, 0.5]
		},
		"firstperson_righthand": {
			"rotation": [-30, 90, 0],
			"translation": [-2, 2.5, 0],
			"scale": [0.75, 0.75, 0.75]
		},
		"ground": {
			"translation": [0, 2, -3.25],
			"scale": [0.5, 0.5, 0.5]
		},
		"gui": {
			"rotation": [30, -135, 0],
			"translation": [3, -2, 0],
			"scale": [0.75, 0.75, 0.75]
		},
		"head": {
			"translation": [0, 14.5, -1.5]
		},
		"fixed": {
			"translation": [0, 0, -8]
		}
	}
}