{
	"textures": {
		"frame": "minecraft:block/redstone_lamp/frame",
		"glow": "minecraft:block/redstone_lamp/glow_off",
		"particle": "minecraft:block/redstone_lamp"
	},
	"ambientocclusion": false,
	"elements": [
		{
			"from": [1, 15, 0],
			"to": [15, 16, 0.5],
			"faces": {
				"north": {"uv": [1, 0, 15, 1], "texture": "#frame", "cullface": "north"},
				"down": {"uv": [15, 0.5, 1, 1], "texture": "#frame", "cullface": "north"}
			}
		},
		{
			"from": [1, 0, 0],
			"to": [15, 1, 0.5],
			"faces": {
				"north": {"uv": [1, 15, 15, 16], "texture": "#frame", "cullface": "north"},
				"up": {"uv": [15, 15, 1, 15.5], "texture": "#frame", "cullface": "north"}
			}
		},
		{
			"from": [15, 0, 0],
			"to": [16, 16, 0.5],
			"faces": {
				"north": {"uv": [0, 0, 1, 16], "texture": "#frame", "cullface": "north"},
				"west": {"uv": [1, 0, 0.5, 16], "texture": "#frame", "cullface": "north"}
			}
		},
		{
			"from": [0, 0, 0],
			"to": [1, 16, 0.5],
			"faces": {
				"north": {"uv": [15, 0, 16, 16], "texture": "#frame", "cullface": "north"},
				"east": {"uv": [15.5, 0, 15, 16], "texture": "#frame", "cullface": "north"}
			}
		},
		{
			"from": [1, 1, 0.5],
			"to": [15, 15, 0.5],
			"faces": {
				"north": {"uv": [1, 1, 15, 15], "texture": "#glow", "cullface": "north"}
			}
		},
		{
			"from": [7, 12, 0.25],
			"to": [9, 15, 0.5],
			"faces": {
				"north": {"uv": [7, 1, 9, 4], "texture": "#frame", "cullface": "north"},
				"east": {"uv": [7.25, 1, 7, 4], "texture": "#frame", "cullface": "north"},
				"west": {"uv": [9, 1, 8.75, 4], "texture": "#frame", "cullface": "north"},
				"down": {"uv": [9, 3.75, 7, 4], "texture": "#frame", "cullface": "north"}
			}
		},
		{
			"from": [7, 1, 0.25],
			"to": [9, 4, 0.5],
			"faces": {
				"north": {"uv": [7, 12, 9, 15], "texture": "#frame", "cullface": "north"},
				"east": {"uv": [7.25, 12, 7, 15], "texture": "#frame", "cullface": "north"},
				"west": {"uv": [9, 12, 8.75, 15], "texture": "#frame", "cullface": "north"},
				"up": {"uv": [9, 12, 7, 12.25], "texture": "#frame", "cullface": "north"}
			}
		},
		{
			"from": [1, 7, 0.25],
			"to": [4, 9, 0.5],
			"faces": {
				"north": {"uv": [12, 7, 15, 9], "texture": "#frame", "cullface": "north"},
				"east": {"uv": [12.25, 7, 12, 9], "texture": "#frame", "cullface": "north"},
				"up": {"uv": [15, 7, 12, 7.25], "texture": "#frame", "cullface": "north"},
				"down": {"uv": [15, 8.75, 12, 9], "texture": "#frame", "cullface": "north"}
			}
		},
		{
			"from": [12, 7, 0.25],
			"to": [15, 9, 0.5],
			"faces": {
				"north": {"uv": [1, 7, 4, 9], "texture": "#frame", "cullface": "north"},
				"west": {"uv": [4, 7, 3.75, 9], "texture": "#frame", "cullface": "north"},
				"up": {"uv": [4, 7, 1, 7.25], "texture": "#frame", "cullface": "north"},
				"down": {"uv": [4, 8.75, 1, 9], "texture": "#frame", "cullface": "north"}
			}
		},
		{
			"from": [4.92893, 6.07107, 0.245],
			"to": [5.92893, 11.72792, 0.5],
			"rotation": {"angle": 45, "axis": "z", "origin": [5.92893, 16.07107, 0.375]},
			"faces": {
				"north": {"uv": [5.1715, 4, 10.8285, 5], "rotation": 270, "texture": "#frame", "cullface": "north"},
				"east": {"uv": [10.8285, 4, 5.1715, 4.25], "rotation": 90, "texture": "#frame", "cullface": "north"},
				"west": {"uv": [10.8285, 4.75, 5.1715, 5], "rotation": 90, "texture": "#frame", "cullface": "north"}
			}
		},
		{
			"from": [-2.43503, 5.77817, 0.245],
			"to": [-1.43503, 11.43503, 0.5],
			"rotation": {"angle": 45, "axis": "z", "origin": [5.63604, 15.77817, 0.375]},
			"faces": {
				"north": {"uv": [5.1715, 10, 10.8285, 11], "rotation": 270, "texture": "#frame", "cullface": "north"},
				"east": {"uv": [10.8285, 10, 5.1715, 10.25], "rotation": 90, "texture": "#frame", "cullface": "north"},
				"west": {"uv": [10.8285, 10.75, 5.1715, 11], "rotation": 90, "texture": "#frame", "cullface": "north"}
			}
		},
		{
			"from": [4.27208, 4.92893, 0.245],
			"to": [9.92893, 5.92893, 0.5],
			"rotation": {"angle": 45, "axis": "z", "origin": [-0.07107, 5.92893, 0.375]},
			"faces": {
				"north": {"uv": [5.1715, 6, 10.8285, 7], "texture": "#frame", "cullface": "north"},
				"up": {"uv": [10.8285, 6, 5.1715, 6.25], "texture": "#frame", "cullface": "north"},
				"down": {"uv": [10.8285, 6.75, 5.1715, 7], "texture": "#frame", "cullface": "north"}
			}
		},
		{
			"from": [-1.74874, 4.32233, 0.245],
			"to": [3.90812, 5.32233, 0.5],
			"rotation": {"angle": 45, "axis": "z", "origin": [5.22183, 16.63604, 0.375]},
			"faces": {
				"north": {"uv": [5.1715, 8, 10.8285, 9], "texture": "#frame", "cullface": "north"},
				"up": {"uv": [10.8285, 8, 5.1715, 8.25], "texture": "#frame", "cullface": "north"},
				"down": {"uv": [10.8285, 8.75, 5.1715, 9], "texture": "#frame", "cullface": "north"}
			}
		},
		{
			"from": [1.41422, 1.41422, 0.25],
			"to": [2.82843, 4.24264, 0.5],
			"rotation": {"angle": 45, "axis": "z", "origin": [3.41422, 1.41422, 5]},
			"faces": {
				"north": {"uv": [13, 13, 15, 14], "rotation": 270, "texture": "#frame", "cullface": "north"},
				"east": {"uv": [15, 13, 13, 13.25], "rotation": 90, "texture": "#frame", "cullface": "north"}
			}
		},
		{
			"from": [11.75736, 1.41422, 0.25],
			"to": [14.58578, 2.82843, 0.5],
			"rotation": {"angle": 45, "axis": "z", "origin": [14.58578, 3.41422, 5]},
			"faces": {
				"north": {"uv": [1, 13, 3, 14], "texture": "#frame", "cullface": "north"},
				"up": {"uv": [3, 13, 1, 13.25], "texture": "#frame", "cullface": "north"}
			}
		},
		{
			"from": [13.17157, 11.75736, 0.25],
			"to": [14.58578, 14.58578, 0.5],
			"rotation": {"angle": 45, "axis": "z", "origin": [12.58578, 14.58578, 5]},
			"faces": {
				"north": {"uv": [1, 2, 3, 3], "rotation": 270, "texture": "#frame", "cullface": "north"},
				"west": {"uv": [3, 2.75, 1, 3], "rotation": 90, "texture": "#frame", "cullface": "north"}
			}
		},
		{
			"from": [7.93198, 13.23528, 0.25],
			"to": [10.76041, 14.64949, 0.5],
			"rotation": {"angle": 45, "axis": "z", "origin": [4.75, 4.75, 4.1875]},
			"faces": {
				"north": {"uv": [13, 2, 15, 3], "texture": "#frame", "cullface": "north"},
				"down": {"uv": [15, 2, 13, 2.25], "texture": "#frame", "cullface": "north"}
			}
		}
	],
	"groups": [
		{
			"name": "group",
			"origin": [8, 8, 8],
			"children": [0, 1, 2, 3, 4, 5]
		},
		{
			"name": "group",
			"origin": [8, 8, 8],
			"children": [6, 7, 8, 9, 10, 11, 12, 13]
		},
		{
			"name": "group",
			"origin": [8, 8, 8],
			"children": [14, 15, 16, 17]
		}
	]
}