{
	"ambientocclusion": false,
	"textures": {
		"side": "minecraft:block/furnace/side",
		"face": "minecraft:block/dispenser/face",
		"eyes": "minecraft:block/dispenser/eyes_off"
	},
	"elements": [
		{
			"from": [0, 0, 0],
			"to": [1, 16, 0.5],
			"faces": {
				"north": {"uv": [15, 0, 16, 16], "texture": "#side", "cullface": "north"},
				"east": {"uv": [15.5, 0, 16, 16], "texture": "#side", "cullface": "north"}
			}
		},
		{
			"from": [15, 0, 0],
			"to": [16, 16, 0.5],
			"faces": {
				"north": {"uv": [0, 0, 1, 16], "texture": "#side", "cullface": "north"},
				"west": {"uv": [0, 0, 0.5, 16], "texture": "#side", "cullface": "north"}
			}
		},
		{
			"from": [1, 0, 0],
			"to": [15, 1, 0.25],
			"faces": {
				"north": {"uv": [1, 15, 15, 16], "texture": "#side", "cullface": "north"},
				"up": {"uv": [15, 16, 1, 15.75], "texture": "#side", "cullface": "north"}
			}
		},
		{
			"from": [1, 15, 0],
			"to": [15, 16, 0.5],
			"faces": {
				"north": {"uv": [1, 0, 15, 1], "texture": "#side", "cullface": "north"},
				"down": {"uv": [15, 0.5, 1, 0], "texture": "#side", "cullface": "north"}
			}
		},
		{
			"from": [11, 1, 0.25],
			"to": [15, 7, 0.25],
			"faces": {
				"north": {"uv": [1, 9, 5, 15], "texture": "#face", "cullface": "north"},
				"up": {"uv": [1, 9, 15, 9.25], "texture": "#side", "cullface": "north"}
			}
		},
		{
			"from": [1, 1, 0.25],
			"to": [5, 7, 0.25],
			"faces": {
				"north": {"uv": [11, 9, 15, 15], "texture": "#face", "cullface": "north"},
				"up": {"uv": [1, 9, 15, 9.25], "texture": "#side", "cullface": "north"}
			}
		},
		{
			"from": [5, 1, 0.25],
			"to": [11, 4, 0.25],
			"faces": {
				"north": {"uv": [5, 12, 11, 15], "texture": "#face", "cullface": "north"},
				"up": {"uv": [1, 9, 15, 9.25], "texture": "#side", "cullface": "north"}
			}
		},
		{
			"from": [14, 7, 0.25],
			"to": [15, 7, 0.5],
			"faces": {
				"north": {"uv": [1, 9, 5, 15], "texture": "#side", "cullface": "north"},
				"up": {"uv": [1, 9, 2, 9.25], "texture": "#face", "cullface": "north"}
			}
		},
		{
			"from": [1, 7, 0.25],
			"to": [2, 7, 0.5],
			"faces": {
				"north": {"uv": [1, 9, 5, 15], "texture": "#side", "cullface": "north"},
				"up": {"uv": [14, 9, 15, 9.25], "texture": "#face", "cullface": "north"}
			}
		},
		{
			"from": [11, 7, 0.5],
			"to": [15, 15, 0.5],
			"faces": {
				"north": {"uv": [1, 1, 5, 9], "texture": "#side", "cullface": "north"}
			}
		},
		{
			"from": [1, 7, 0.5],
			"to": [5, 15, 0.5],
			"faces": {
				"north": {"uv": [11, 1, 15, 9], "texture": "#side", "cullface": "north"}
			}
		},
		{
			"from": [5, 12, 0.5],
			"to": [11, 15, 0.5],
			"faces": {
				"north": {"uv": [5, 1, 11, 4], "texture": "#side", "cullface": "north"}
			}
		},
		{
			"from": [7, 10, 0.5],
			"to": [9, 12, 0.5],
			"faces": {
				"north": {"uv": [7, 4, 9, 6], "texture": "#side", "cullface": "north"}
			}
		},
		{
			"from": [7, 8, 0.25],
			"to": [9, 10, 0.5],
			"faces": {
				"north": {"uv": [7, 6, 9, 8], "texture": "#face", "cullface": "north"},
				"up": {"uv": [9, 6, 7, 6.25], "texture": "#face", "cullface": "north"}
			}
		},
		{
			"from": [5, 9, 1.25],
			"to": [6, 11, 1.25],
			"rotation": {"angle": 0, "axis": "y", "origin": [3, 8, 8]},
			"faces": {
				"north": {"uv": [4, 1, 5, 3], "texture": "#eyes", "cullface": "north"}
			}
		},
		{
			"from": [5, 11, 0.25],
			"to": [6, 11, 1.25],
			"rotation": {"angle": 0, "axis": "y", "origin": [3, 8, 8]},
			"faces": {
				"down": {"uv": [5, 1, 4, 0], "texture": "#eyes", "cullface": "north"}
			}
		},
		{
			"from": [5, 9, 0.25],
			"to": [6, 9, 1.25],
			"rotation": {"angle": 0, "axis": "y", "origin": [3, 8, 8]},
			"faces": {
				"up": {"uv": [5, 4, 4, 3], "texture": "#eyes", "cullface": "north"}
			}
		},
		{
			"from": [5, 9, 0.25],
			"to": [5, 11, 1.25],
			"rotation": {"angle": 0, "axis": "y", "origin": [3, 8, 8]},
			"faces": {
				"east": {"uv": [5, 1, 6, 3], "texture": "#eyes", "cullface": "north"}
			}
		},
		{
			"from": [6, 9, 0.25],
			"to": [6, 11, 1.25],
			"rotation": {"angle": 0, "axis": "y", "origin": [3, 8, 8]},
			"faces": {
				"west": {"uv": [3, 1, 4, 3], "texture": "#eyes", "cullface": "north"}
			}
		},
		{
			"from": [10, 9, 1.25],
			"to": [11, 11, 1.25],
			"faces": {
				"north": {"uv": [1, 1, 2, 3], "texture": "#eyes", "cullface": "north"}
			}
		},
		{
			"from": [10, 11, 0.25],
			"to": [11, 11, 1.25],
			"faces": {
				"down": {"uv": [2, 1, 1, 0], "texture": "#eyes", "cullface": "north"}
			}
		},
		{
			"from": [10, 9, 0.25],
			"to": [11, 9, 1.25],
			"faces": {
				"up": {"uv": [2, 4, 1, 3], "texture": "#eyes", "cullface": "north"}
			}
		},
		{
			"from": [10, 9, 0.25],
			"to": [10, 11, 1.25],
			"faces": {
				"east": {"uv": [2, 1, 3, 3], "texture": "#eyes", "cullface": "north"}
			}
		},
		{
			"from": [11, 9, 0.25],
			"to": [11, 11, 1.25],
			"faces": {
				"west": {"uv": [0, 1, 1, 3], "texture": "#eyes", "cullface": "north"}
			}
		},
		{
			"from": [5.586, 12, 0.255],
			"to": [7, 13.414, 0.5],
			"rotation": {"angle": 45, "axis": "z", "origin": [7, 12, 0]},
			"faces": {
				"north": {"uv": [7, 3, 6, 4], "texture": "#face", "cullface": "north"},
				"east": {"uv": [6.75, 3, 7, 4], "texture": "#face", "cullface": "north"}
			}
		},
		{
			"from": [6, 8, 0.25],
			"to": [7, 12, 0.5],
			"faces": {
				"north": {"uv": [9, 4, 10, 8], "texture": "#face", "cullface": "north"},
				"east": {"uv": [9, 8, 9.25, 4], "texture": "#face", "cullface": "north"}
			}
		},
		{
			"from": [5, 8, 0.25],
			"to": [6, 9, 0.25],
			"faces": {
				"north": {"uv": [10, 7, 11, 8], "texture": "#face", "cullface": "north"}
			}
		},
		{
			"from": [4, 7, 0.25],
			"to": [5, 11, 0.25],
			"faces": {
				"north": {"uv": [11, 5, 12, 9], "texture": "#face", "cullface": "north"}
			}
		},
		{
			"from": [3, 7, 0.25],
			"to": [4, 10, 0.25],
			"faces": {
				"north": {"uv": [12, 6, 13, 9], "texture": "#face", "cullface": "north"}
			}
		},
		{
			"from": [2, 7, 0.25],
			"to": [3, 8, 0.25],
			"faces": {
				"north": {"uv": [13, 8, 14, 9], "texture": "#face", "cullface": "north"}
			}
		},
		{
			"from": [1.5, 7, 0.255],
			"to": [3, 13.5, 0.5],
			"rotation": {"angle": -22.5, "axis": "z", "origin": [1.5, 7, 0]},
			"faces": {
				"north": {"uv": [13.5, 1, 15, 6], "texture": "#face", "cullface": "north"},
				"west": {"uv": [15, 1, 14.75, 6], "texture": "#face", "cullface": "north"}
			}
		},
		{
			"from": [4, 11, 0.25],
			"to": [6, 13, 0.5],
			"faces": {
				"north": {"uv": [10, 3, 12, 5], "texture": "#face", "cullface": "north"},
				"up": {"uv": [12, 3, 10, 3.25], "texture": "#face", "cullface": "north"}
			}
		},
		{
			"from": [9, 12, 0.255],
			"to": [10.414, 13.414, 0.5],
			"rotation": {"angle": -45, "axis": "z", "origin": [9, 12, 0]},
			"faces": {
				"north": {"uv": [6, 3, 7, 4], "texture": "#face", "cullface": "north"},
				"west": {"uv": [7, 3, 6.75, 4], "texture": "#face", "cullface": "north"}
			}
		},
		{
			"from": [9, 8, 0.25],
			"to": [10, 12, 0.5],
			"faces": {
				"north": {"uv": [6, 4, 7, 8], "texture": "#face", "cullface": "north"},
				"west": {"uv": [7, 4, 6.75, 8], "texture": "#face", "cullface": "north"}
			}
		},
		{
			"from": [10, 8, 0.25],
			"to": [11, 9, 0.25],
			"faces": {
				"north": {"uv": [5, 7, 6, 8], "texture": "#face", "cullface": "north"}
			}
		},
		{
			"from": [11, 7, 0.25],
			"to": [12, 11, 0.25],
			"faces": {
				"north": {"uv": [4, 5, 5, 9], "texture": "#face", "cullface": "north"}
			}
		},
		{
			"from": [12, 7, 0.25],
			"to": [13, 10, 0.25],
			"faces": {
				"north": {"uv": [3, 6, 4, 9], "texture": "#face", "cullface": "north"}
			}
		},
		{
			"from": [13, 7, 0.25],
			"to": [14, 8, 0.25],
			"faces": {
				"north": {"uv": [2, 8, 3, 9], "texture": "#face", "cullface": "north"}
			}
		},
		{
			"from": [13, 7, 0.255],
			"to": [14.5, 13.5, 0.5],
			"rotation": {"angle": 22.5, "axis": "z", "origin": [14.5, 7, 0]},
			"faces": {
				"north": {"uv": [1, 1, 2.5, 6], "texture": "#face", "cullface": "north"},
				"east": {"uv": [1.25, 1, 1, 6], "texture": "#face", "cullface": "north"}
			}
		},
		{
			"from": [10, 11, 0.25],
			"to": [12, 13, 0.5],
			"faces": {
				"north": {"uv": [4, 3, 6, 5], "texture": "#face", "cullface": "north"},
				"up": {"uv": [6, 3, 4, 3.25], "texture": "#face", "cullface": "north"}
			}
		}
	]
}