{
	"ambientocclusion": false,
	"textures": {
		"top": "minecraft:block/furnace/top",
		"tube": "minecraft:block/dispenser/tube"
	},
	"elements": [
		{
			"from": [15, 15.5, 0],
			"to": [16, 16, 16],
			"faces": {
				"west": {"uv": [15.5, 0, 16, 16], "rotation": 270, "texture": "#top", "cullface": "up"},
				"up": {"uv": [15, 0, 16, 16], "texture": "#top", "cullface": "up"}
			}
		},
		{
			"from": [0, 15.5, 0],
			"to": [1, 16, 16],
			"faces": {
				"east": {"uv": [0, 0, 0.5, 16], "rotation": 90, "texture": "#top", "cullface": "up"},
				"up": {"uv": [0, 0, 1, 16], "texture": "#top", "cullface": "up"}
			}
		},
		{
			"from": [1, 15.5, 15],
			"to": [15, 16, 16],
			"faces": {
				"north": {"uv": [15, 16, 1, 15.5], "texture": "#top", "cullface": "up"},
				"up": {"uv": [1, 15, 15, 16], "texture": "#top", "cullface": "up"}
			}
		},
		{
			"from": [1, 15.5, 0],
			"to": [15, 16, 1],
			"faces": {
				"south": {"uv": [15, 1, 1, 0], "rotation": 180, "texture": "#top", "cullface": "up"},
				"up": {"uv": [1, 0, 15, 1], "texture": "#top", "cullface": "up"}
			}
		},
		{
			"from": [1, 15.5, 1],
			"to": [5, 15.5, 15],
			"faces": {
				"up": {"uv": [1, 1, 5, 15], "texture": "#top", "cullface": "up"}
			}
		},
		{
			"from": [11, 15.5, 1],
			"to": [15, 15.5, 15],
			"faces": {
				"up": {"uv": [11, 1, 15, 15], "texture": "#top", "cullface": "up"}
			}
		},
		{
			"from": [5, 15.5, 11],
			"to": [11, 15.5, 15],
			"faces": {
				"up": {"uv": [5, 11, 11, 15], "texture": "#top", "cullface": "up"}
			}
		},
		{
			"from": [5, 15.5, 10],
			"to": [7, 15.5, 11],
			"faces": {
				"up": {"uv": [5, 10, 7, 11], "texture": "#top", "cullface": "up"}
			}
		},
		{
			"from": [9, 15.5, 10],
			"to": [11, 15.5, 11],
			"faces": {
				"up": {"uv": [9, 10, 11, 11], "texture": "#top", "cullface": "up"}
			}
		},
		{
			"from": [9, 15.5, 5],
			"to": [11, 15.5, 6],
			"faces": {
				"up": {"uv": [9, 5, 11, 6], "texture": "#top", "cullface": "up"}
			}
		},
		{
			"from": [5, 15.5, 5],
			"to": [7, 15.5, 6],
			"faces": {
				"up": {"uv": [5, 5, 7, 6], "texture": "#top", "cullface": "up"}
			}
		},
		{
			"from": [5, 15.5, 6],
			"to": [6, 15.5, 7],
			"faces": {
				"up": {"uv": [5, 6, 6, 7], "texture": "#top", "cullface": "up"}
			}
		},
		{
			"from": [5, 15.5, 9],
			"to": [6, 15.5, 10],
			"faces": {
				"up": {"uv": [5, 9, 6, 10], "texture": "#top", "cullface": "up"}
			}
		},
		{
			"from": [10, 15.5, 9],
			"to": [11, 15.5, 10],
			"faces": {
				"up": {"uv": [10, 9, 11, 10], "texture": "#top", "cullface": "up"}
			}
		},
		{
			"from": [10, 15.5, 6],
			"to": [11, 15.5, 7],
			"faces": {
				"up": {"uv": [10, 6, 11, 7], "texture": "#top", "cullface": "up"}
			}
		},
		{
			"from": [5, 15.5, 1],
			"to": [11, 15.5, 5],
			"faces": {
				"up": {"uv": [5, 1, 11, 5], "texture": "#top", "cullface": "up"}
			}
		},
		{
			"from": [6, 2, 6],
			"to": [6, 16, 10],
			"rotation": {"angle": -45, "axis": "y", "origin": [8, 7.25, 8]},
			"faces": {
				"east": {"uv": [14, 0, 16, 14], "texture": "#tube", "cullface": "up"}
			}
		},
		{
			"from": [6, 2, 10],
			"to": [10, 16, 10],
			"rotation": {"angle": -45, "axis": "y", "origin": [8, 7.25, 8]},
			"faces": {
				"north": {"uv": [14, 0, 16, 14], "texture": "#tube", "cullface": "up"}
			}
		},
		{
			"from": [10, 2, 6],
			"to": [10, 16, 10],
			"rotation": {"angle": -45, "axis": "y", "origin": [8, 7.25, 8]},
			"faces": {
				"west": {"uv": [14, 0, 16, 14], "texture": "#tube", "cullface": "up"}
			}
		},
		{
			"from": [6, 2, 6],
			"to": [10, 16, 6],
			"rotation": {"angle": -45, "axis": "y", "origin": [8, 7.25, 8]},
			"faces": {
				"south": {"uv": [14, 0, 16, 14], "texture": "#tube", "cullface": "up"}
			}
		},
		{
			"from": [6, 2, 6],
			"to": [10, 2, 10],
			"rotation": {"angle": -45, "axis": "y", "origin": [8, 7.25, 8]},
			"faces": {
				"up": {"uv": [0, 12, 4, 16], "rotation": 180, "texture": "#tube", "cullface": "up"}
			}
		},
		{
			"from": [10, 15.5, 5],
			"to": [11, 16, 11],
			"rotation": {"angle": -45, "axis": "y", "origin": [8, 7.25, 8]},
			"faces": {
				"north": {"uv": [7, 0, 6, 1], "texture": "#tube", "cullface": "up"},
				"east": {"uv": [7, 0, 6, 6], "rotation": 90, "texture": "#tube", "cullface": "up"},
				"south": {"uv": [7, 5, 6, 6], "texture": "#tube", "cullface": "up"},
				"up": {"uv": [6, 0, 7, 6], "texture": "#tube", "cullface": "up"}
			}
		},
		{
			"from": [5, 15.5, 5],
			"to": [6, 16, 11],
			"rotation": {"angle": -45, "axis": "y", "origin": [8, 7.25, 8]},
			"faces": {
				"north": {"uv": [2, 0, 1, 1], "texture": "#tube", "cullface": "up"},
				"south": {"uv": [1, 6, 2, 5], "texture": "#tube", "cullface": "up"},
				"west": {"uv": [1, 0, 2, 6], "rotation": 270, "texture": "#tube", "cullface": "up"},
				"up": {"uv": [1, 0, 2, 6], "texture": "#tube", "cullface": "up"}
			}
		},
		{
			"from": [6, 15.5, 10],
			"to": [10, 16, 11],
			"rotation": {"angle": -45, "axis": "y", "origin": [8, 7.25, 8]},
			"faces": {
				"south": {"uv": [2, 6, 6, 5], "texture": "#tube", "cullface": "up"},
				"up": {"uv": [2, 5, 6, 6], "texture": "#tube", "cullface": "up"}
			}
		},
		{
			"from": [6, 15.5, 5],
			"to": [10, 16, 6],
			"rotation": {"angle": -45, "axis": "y", "origin": [8, 7.25, 8]},
			"faces": {
				"north": {"uv": [2, 0, 6, 1], "rotation": 180, "texture": "#tube", "cullface": "up"},
				"up": {"uv": [2, 0, 6, 1], "texture": "#tube", "cullface": "up"}
			}
		}
	]
}