{
	"textures": {
		"face": "minecraft:block/dispenser/face",
		"tube": "minecraft:block/dispenser/tube",
		"particle": "minecraft:block/dispenser_front"
	},
	"ambientocclusion": false,
	"elements": [
		{
			"from": [5, 7, 0.25],
			"to": [11, 8, 0.25],
			"faces": {
				"north": {"uv": [5, 8, 11, 9], "texture": "#face", "cullface": "north"}
			}
		},
		{
			"from": [9, 4, 0.25],
			"to": [11, 5, 0.25],
			"faces": {
				"north": {"uv": [5, 11, 7, 12], "texture": "#face", "cullface": "north"}
			}
		},
		{
			"from": [5, 5, 0.25],
			"to": [6, 6, 0.25],
			"faces": {
				"north": {"uv": [10, 10, 11, 11], "texture": "#face", "cullface": "north"}
			}
		},
		{
			"from": [10, 5, 0.25],
			"to": [11, 6, 0.25],
			"faces": {
				"north": {"uv": [5, 10, 6, 11], "texture": "#face", "cullface": "north"}
			}
		},
		{
			"from": [5, 4, 0.25],
			"to": [7, 5, 0.25],
			"faces": {
				"north": {"uv": [9, 11, 11, 12], "texture": "#face", "cullface": "north"}
			}
		},
		{
			"from": [5, 4, 14.25],
			"to": [11, 7, 14.25],
			"faces": {
				"north": {"uv": [4, 13, 10, 16], "texture": "#tube", "cullface": "north"}
			}
		},
		{
			"from": [5, 7, 0.25],
			"to": [11, 7, 14.25],
			"rotation": {"angle": 0, "axis": "z", "origin": [8, 6, 8]},
			"faces": {
				"down": {"uv": [10, 0, 16, 14], "rotation": 180, "texture": "#tube", "cullface": "north"}
			}
		},
		{
			"from": [8, 4, 0.255],
			"to": [9.4142, 8.24264, 14.255],
			"rotation": {"angle": -45, "axis": "z", "origin": [8, 4, 9]},
			"faces": {
				"north": {"uv": [7, 9, 8, 12], "texture": "#face", "cullface": "north"},
				"west": {"uv": [12, 0, 16, 14], "rotation": 270, "texture": "#tube", "cullface": "north"}
			}
		},
		{
			"from": [6.5857, 4, 0.255],
			"to": [7.9999, 8.24264, 14.255],
			"rotation": {"angle": 45, "axis": "z", "origin": [8, 4, 9]},
			"faces": {
				"north": {"uv": [8, 9, 9, 12], "texture": "#face", "cullface": "north"},
				"east": {"uv": [13, 0, 14, 14], "rotation": 90, "texture": "#tube", "cullface": "north"}
			}
		}
	]
}