{
	"parent": "minecraft:block/block",
	"elements": [
		{
			"from": [0, 0, 0],
			"to": [16, 16, 16],
			"faces": {
				"north": {"uv": [0, 0, 16, 16], "texture": "#side", "cullface": "north"},
				"east": {"uv": [0, 0, 16, 16], "texture": "#side", "cullface": "east"},
				"south": {"uv": [0, 0, 16, 16], "texture": "#side", "cullface": "south"},
				"west": {"uv": [0, 0, 16, 16], "texture": "#side", "cullface": "west"}
			}
		},
		{
			"from": [1, 0.125, 1],
			"to": [15, 15.875, 15],
			"faces": {
				"up": {"uv": [1, 1, 15, 15], "texture": "#section", "cullface": "up"},
				"down": {"uv": [1, 1, 15, 15], "texture": "#section", "cullface": "down"}
			}
		},
		{
			"from": [1, 15.75, 15],
			"to": [15, 16, 16],
			"faces": {
				"north": {"uv": [1, 15.25, 15, 15], "rotation": 180, "texture": "#bark", "cullface": "up"},
				"up": {"uv": [1, 15, 15, 16], "texture": "#bark", "cullface": "up"}
			}
		},
		{
			"from": [15, 15.75, 0],
			"to": [16, 16, 16],
			"faces": {
				"west": {"uv": [15.25, 0, 15, 16], "rotation": 270, "texture": "#bark", "cullface": "up"},
				"up": {"uv": [15, 0, 16, 16], "texture": "#bark", "cullface": "up"}
			}
		},
		{
			"from": [0, 15.75, 0],
			"to": [1, 16, 16],
			"faces": {
				"east": {"uv": [1, 0, 0.75, 16], "rotation": 90, "texture": "#bark", "cullface": "up"},
				"up": {"uv": [0, 0, 1, 16], "texture": "#bark", "cullface": "up"}
			}
		},
		{
			"from": [1, 15.75, 0],
			"to": [15, 16, 1],
			"faces": {
				"south": {"uv": [1, 1, 15, 0.75], "texture": "#bark", "cullface": "up"},
				"up": {"uv": [1, 0, 15, 1], "texture": "#bark", "cullface": "up"}
			}
		},
		{
			"from": [3, 15.75, 13],
			"to": [13, 16, 14],
			"faces": {
				"north": {"uv": [3, 13.25, 13, 13], "rotation": 180, "texture": "#section", "cullface": "up"},
				"south": {"uv": [3, 14, 13, 13.75], "texture": "#section", "cullface": "up"},
				"up": {"uv": [3, 13, 13, 14], "texture": "#section", "cullface": "up"}
			}
		},
		{
			"from": [13, 15.75, 2],
			"to": [14, 16, 14],
			"faces": {
				"north": {"uv": [13, 2.25, 14, 2], "rotation": 180, "texture": "#section", "cullface": "up"},
				"east": {"uv": [14, 2, 13.75, 14], "rotation": 90, "texture": "#section", "cullface": "up"},
				"south": {"uv": [13, 14, 14, 13.75], "texture": "#section", "cullface": "up"},
				"west": {"uv": [13.25, 2, 13, 14], "rotation": 270, "texture": "#section", "cullface": "up"},
				"up": {"uv": [13, 2, 14, 14], "texture": "#section", "cullface": "up"}
			}
		},
		{
			"from": [2, 15.75, 2],
			"to": [3, 16, 14],
			"faces": {
				"north": {"uv": [2, 2.25, 3, 2], "rotation": 180, "texture": "#section", "cullface": "up"},
				"east": {"uv": [3, 2, 2.75, 14], "rotation": 90, "texture": "#section", "cullface": "up"},
				"south": {"uv": [2, 14, 3, 13.75], "texture": "#section", "cullface": "up"},
				"west": {"uv": [2.25, 2, 2, 14], "rotation": 270, "texture": "#section", "cullface": "up"},
				"up": {"uv": [2, 2, 3, 14], "texture": "#section", "cullface": "up"}
			}
		},
		{
			"from": [3, 15.75, 2],
			"to": [13, 16, 3],
			"faces": {
				"north": {"uv": [3, 2.25, 13, 2], "rotation": 180, "texture": "#section", "cullface": "up"},
				"south": {"uv": [3, 3, 13, 2.75], "texture": "#section", "cullface": "up"},
				"up": {"uv": [3, 2, 13, 3], "texture": "#section", "cullface": "up"}
			}
		},
		{
			"from": [6, 15.75, 10],
			"to": [10, 16, 11],
			"faces": {
				"north": {"uv": [6, 10.25, 10, 10], "rotation": 180, "texture": "#section", "cullface": "up"},
				"south": {"uv": [6, 11, 10, 10.75], "texture": "#section", "cullface": "up"},
				"up": {"uv": [6, 10, 10, 11], "texture": "#section", "cullface": "up"}
			}
		},
		{
			"from": [10, 15.75, 5],
			"to": [11, 16, 11],
			"faces": {
				"north": {"uv": [10, 5.25, 11, 5], "rotation": 180, "texture": "#section", "cullface": "up"},
				"east": {"uv": [11, 5, 10.75, 11], "rotation": 90, "texture": "#section", "cullface": "up"},
				"south": {"uv": [10, 11, 11, 10.75], "texture": "#section", "cullface": "up"},
				"west": {"uv": [10.25, 5, 10, 11], "rotation": 270, "texture": "#section", "cullface": "up"},
				"up": {"uv": [10, 5, 11, 11], "texture": "#section", "cullface": "up"}
			}
		},
		{
			"from": [5, 15.75, 5],
			"to": [6, 16, 11],
			"faces": {
				"north": {"uv": [5, 5.25, 6, 5], "rotation": 180, "texture": "#section", "cullface": "up"},
				"east": {"uv": [6, 5, 5.75, 11], "rotation": 90, "texture": "#section", "cullface": "up"},
				"south": {"uv": [5, 11, 6, 10.75], "texture": "#section", "cullface": "up"},
				"west": {"uv": [5.25, 5, 5, 11], "rotation": 270, "texture": "#section", "cullface": "up"},
				"up": {"uv": [5, 5, 6, 11], "texture": "#section", "cullface": "up"}
			}
		},
		{
			"from": [6, 15.75, 5],
			"to": [10, 16, 6],
			"faces": {
				"north": {"uv": [6, 5.25, 10, 5], "rotation": 180, "texture": "#section", "cullface": "up"},
				"south": {"uv": [6, 6, 10, 5.75], "texture": "#section", "cullface": "up"},
				"up": {"uv": [6, 5, 10, 6], "texture": "#section", "cullface": "up"}
			}
		},
		{
			"from": [7, 15.75, 7],
			"to": [9, 16, 9],
			"faces": {
				"north": {"uv": [7, 7.25, 9, 7], "rotation": 180, "texture": "#section", "cullface": "up"},
				"east": {"uv": [9, 7, 8.75, 9], "rotation": 90, "texture": "#section", "cullface": "up"},
				"south": {"uv": [7, 9, 9, 8.75], "texture": "#section", "cullface": "up"},
				"west": {"uv": [7.25, 7, 7, 9], "rotation": 270, "texture": "#section", "cullface": "up"},
				"up": {"uv": [7, 7, 9, 9], "texture": "#section", "cullface": "up"}
			}
		},
		{
			"from": [1, 0, 0],
			"to": [15, 0.25, 1],
			"faces": {
				"south": {"uv": [1, 15.25, 15, 15], "texture": "#bark", "cullface": "down"},
				"down": {"uv": [1, 15, 15, 16], "texture": "#bark", "cullface": "down"}
			}
		},
		{
			"from": [15, 0, 0],
			"to": [16, 0.25, 16],
			"faces": {
				"west": {"uv": [15.25, 0, 15, 16], "rotation": 90, "texture": "#bark", "cullface": "down"},
				"down": {"uv": [15, 0, 16, 16], "texture": "#bark", "cullface": "down"}
			}
		},
		{
			"from": [0, 0, 0],
			"to": [1, 0.25, 16],
			"faces": {
				"east": {"uv": [1, 0, 0.75, 16], "rotation": 270, "texture": "#bark", "cullface": "down"},
				"down": {"uv": [0, 0, 1, 16], "texture": "#bark", "cullface": "down"}
			}
		},
		{
			"from": [1, 0, 15],
			"to": [15, 0.25, 16],
			"faces": {
				"north": {"uv": [1, 1, 15, 0.75], "rotation": 180, "texture": "#bark", "cullface": "down"},
				"down": {"uv": [1, 0, 15, 1], "texture": "#bark", "cullface": "down"}
			}
		},
		{
			"from": [3, 0, 2],
			"to": [13, 0.25, 3],
			"faces": {
				"north": {"uv": [3, 14, 13, 13.75], "rotation": 180, "texture": "#section", "cullface": "down"},
				"south": {"uv": [3, 13.25, 13, 13], "texture": "#section", "cullface": "down"},
				"down": {"uv": [3, 13, 13, 14], "texture": "#section", "cullface": "down"}
			}
		},
		{
			"from": [13, 0, 2],
			"to": [14, 0.25, 14],
			"faces": {
				"north": {"uv": [13, 14, 14, 13.75], "rotation": 180, "texture": "#section", "cullface": "down"},
				"east": {"uv": [14, 2, 13.75, 14], "rotation": 270, "texture": "#section", "cullface": "down"},
				"south": {"uv": [13, 2.25, 14, 2], "texture": "#section", "cullface": "down"},
				"west": {"uv": [13.25, 2, 13, 14], "rotation": 90, "texture": "#section", "cullface": "down"},
				"down": {"uv": [13, 2, 14, 14], "texture": "#section", "cullface": "down"}
			}
		},
		{
			"from": [2, 0, 2],
			"to": [3, 0.25, 14],
			"faces": {
				"north": {"uv": [2, 14, 3, 13.75], "rotation": 180, "texture": "#section", "cullface": "down"},
				"east": {"uv": [3, 2, 2.75, 14], "rotation": 270, "texture": "#section", "cullface": "down"},
				"south": {"uv": [2, 2.25, 3, 2], "texture": "#section", "cullface": "down"},
				"west": {"uv": [2.25, 2, 2, 14], "rotation": 90, "texture": "#section", "cullface": "down"},
				"down": {"uv": [2, 2, 3, 14], "texture": "#section", "cullface": "down"}
			}
		},
		{
			"from": [3, 0, 13],
			"to": [13, 0.25, 14],
			"faces": {
				"north": {"uv": [3, 3, 13, 2.75], "rotation": 180, "texture": "#section", "cullface": "down"},
				"south": {"uv": [3, 2.25, 13, 2], "texture": "#section", "cullface": "down"},
				"down": {"uv": [3, 2, 13, 3], "texture": "#section", "cullface": "down"}
			}
		},
		{
			"from": [6, 0, 5],
			"to": [10, 0.25, 6],
			"faces": {
				"north": {"uv": [6, 11, 10, 10.75], "rotation": 180, "texture": "#section", "cullface": "down"},
				"south": {"uv": [6, 10.25, 10, 10], "texture": "#section", "cullface": "down"},
				"down": {"uv": [6, 10, 10, 11], "texture": "#section", "cullface": "down"}
			}
		},
		{
			"from": [10, 0, 5],
			"to": [11, 0.25, 11],
			"faces": {
				"north": {"uv": [10, 11, 11, 10.75], "rotation": 180, "texture": "#section", "cullface": "down"},
				"east": {"uv": [11, 5, 10.75, 11], "rotation": 270, "texture": "#section", "cullface": "down"},
				"south": {"uv": [10, 5.25, 11, 5], "texture": "#section", "cullface": "down"},
				"west": {"uv": [10.25, 5, 10, 11], "rotation": 90, "texture": "#section", "cullface": "down"},
				"down": {"uv": [10, 5, 11, 11], "texture": "#section", "cullface": "down"}
			}
		},
		{
			"from": [5, 0, 5],
			"to": [6, 0.25, 11],
			"faces": {
				"north": {"uv": [5, 11, 6, 10.75], "rotation": 180, "texture": "#section", "cullface": "down"},
				"east": {"uv": [6, 5, 5.75, 11], "rotation": 270, "texture": "#section", "cullface": "down"},
				"south": {"uv": [5, 5.25, 6, 5], "texture": "#section", "cullface": "down"},
				"west": {"uv": [5.25, 5, 5, 11], "rotation": 90, "texture": "#section", "cullface": "down"},
				"down": {"uv": [5, 5, 6, 11], "texture": "#section", "cullface": "down"}
			}
		},
		{
			"from": [6, 0, 10],
			"to": [10, 0.25, 11],
			"faces": {
				"north": {"uv": [6, 6, 10, 5.75], "rotation": 180, "texture": "#section", "cullface": "down"},
				"south": {"uv": [6, 5.25, 10, 5], "texture": "#section", "cullface": "down"},
				"down": {"uv": [6, 5, 10, 6], "texture": "#section", "cullface": "down"}
			}
		},
		{
			"from": [7, 0, 7],
			"to": [9, 0.25, 9],
			"faces": {
				"north": {"uv": [7, 9, 9, 8.75], "rotation": 180, "texture": "#section", "cullface": "down"},
				"east": {"uv": [9, 7, 8.75, 9], "rotation": 270, "texture": "#section", "cullface": "down"},
				"south": {"uv": [7, 7.25, 9, 7], "texture": "#section", "cullface": "down"},
				"west": {"uv": [7.25, 7, 7, 9], "rotation": 90, "texture": "#section", "cullface": "down"},
				"down": {"uv": [7, 7, 9, 9], "texture": "#section", "cullface": "down"}
			}
		}
	],
	"groups": [
		{
			"name": "group",
			"origin": [8, 8, 8],
			"children": [0, 1]
		},
		{
			"name": "group",
			"origin": [8, 8, 8],
			"children": [
				{
					"name": "group",
					"origin": [8, 8, 8],
					"children": [2, 3, 4, 5]
				},
				{
					"name": "group",
					"origin": [8, 8, 8],
					"children": [6, 7, 8, 9]
				},
				{
					"name": "group",
					"origin": [8, 8, 8],
					"children": [10, 11, 12, 13]
				}, 14]
		},
		{
			"name": "group",
			"origin": [8, 8, 8],
			"children": [
				{
					"name": "group",
					"origin": [8, 8, 8],
					"children": [15, 16, 17, 18]
				},
				{
					"name": "group",
					"origin": [8, 8, 8],
					"children": [19, 20, 21, 22]
				},
				{
					"name": "group",
					"origin": [8, 8, 8],
					"children": [23, 24, 25, 26]
				}, 27]
		}
	]
}