{
	"parent": "minecraft:block/lantern/generic_display",
	"textures": {
		"base": "minecraft:block/lantern/base",
		"chain": "minecraft:block/lantern/chain"
	},
	"elements": [
		{
			"from": [5, 1, 5],
			"to": [11, 2, 11],
			"faces": {
				"north": {"uv": [0, 6, 6, 7], "texture": "#base"},
				"east": {"uv": [0, 7, 6, 8], "texture": "#base"},
				"south": {"uv": [0, 8, 6, 9], "texture": "#base"},
				"west": {"uv": [0, 9, 6, 10], "texture": "#base"},
				"up": {"uv": [0, 0, 6, 6], "texture": "#base"},
				"down": {"uv": [0, 10, 6, 16], "texture": "#base"}
			}
		},
		{
			"from": [5, 7, 5],
			"to": [11, 8, 11],
			"faces": {
				"north": {"uv": [6, 6, 12, 7], "texture": "#base"},
				"east": {"uv": [6, 7, 12, 8], "texture": "#base"},
				"south": {"uv": [6, 8, 12, 9], "texture": "#base"},
				"west": {"uv": [6, 9, 12, 10], "texture": "#base"},
				"up": {"uv": [6, 0, 12, 6], "texture": "#base"},
				"down": {"uv": [6, 10, 12, 16], "texture": "#base"}
			}
		},
		{
			"from": [6, 9, 6],
			"to": [10, 10, 10],
			"faces": {
				"north": {"uv": [12, 4, 16, 5], "texture": "#base"},
				"east": {"uv": [12, 5, 16, 6], "texture": "#base"},
				"south": {"uv": [12, 6, 16, 7], "texture": "#base"},
				"west": {"uv": [12, 7, 16, 8], "texture": "#base"},
				"up": {"uv": [12, 0, 16, 4], "texture": "#base"},
				"down": {"uv": [12, 8, 16, 12], "texture": "#base"}
			}
		},
		{
			"from": [10, 2, 5.25],
			"to": [10.75, 7, 6],
			"faces": {
				"north": {"uv": [2, 0, 3, 5], "texture": "#edges"},
				"east": {"uv": [1, 0, 2, 5], "texture": "#edges"},
				"south": {"uv": [0, 0, 1, 5], "texture": "#edges"},
				"west": {"uv": [3, 0, 4, 5], "texture": "#edges"}
			}
		},
		{
			"from": [10, 2, 10],
			"to": [10.75, 7, 10.75],
			"faces": {
				"north": {"uv": [7, 0, 8, 5], "texture": "#edges"},
				"east": {"uv": [6, 0, 7, 5], "texture": "#edges"},
				"south": {"uv": [5, 0, 6, 5], "texture": "#edges"},
				"west": {"uv": [4, 0, 5, 5], "texture": "#edges"}
			}
		},
		{
			"from": [5.25, 2, 10],
			"to": [6, 7, 10.75],
			"faces": {
				"north": {"uv": [8, 0, 9, 5], "texture": "#edges"},
				"east": {"uv": [11, 0, 12, 5], "texture": "#edges"},
				"south": {"uv": [10, 0, 11, 5], "texture": "#edges"},
				"west": {"uv": [9, 0, 10, 5], "texture": "#edges"}
			}
		},
		{
			"from": [5.25, 2, 5.25],
			"to": [6, 7, 6],
			"faces": {
				"north": {"uv": [13, 0, 14, 5], "texture": "#edges"},
				"east": {"uv": [12, 0, 13, 5], "texture": "#edges"},
				"south": {"uv": [15, 0, 16, 5], "texture": "#edges"},
				"west": {"uv": [14, 0, 15, 5], "texture": "#edges"}
			}
		},
		{
			"from": [6, 2, 5.5],
			"to": [10, 7, 10.5],
			"faces": {
				"north": {"uv": [0, 0, 4, 5], "texture": "#glass"},
				"south": {"uv": [8, 0, 12, 5], "texture": "#glass"}
			}
		},
		{
			"from": [5.5, 2, 6],
			"to": [10.5, 7, 10],
			"faces": {
				"east": {"uv": [4, 0, 8, 5], "texture": "#glass"},
				"west": {"uv": [12, 0, 16, 5], "texture": "#glass"}
			}
		},
		{
			"from": [9, 8, 6.25],
			"to": [9.75, 9, 7],
			"faces": {
				"north": {"uv": [2, 5, 3, 6], "texture": "#edges"},
				"east": {"uv": [1, 5, 2, 6], "texture": "#edges"},
				"south": {"uv": [0, 5, 1, 6], "texture": "#edges"},
				"west": {"uv": [3, 5, 4, 6], "texture": "#edges"}
			}
		},
		{
			"from": [9, 8, 9],
			"to": [9.75, 9, 9.75],
			"faces": {
				"north": {"uv": [7, 5, 8, 6], "texture": "#edges"},
				"east": {"uv": [6, 5, 7, 6], "texture": "#edges"},
				"south": {"uv": [5, 5, 6, 6], "texture": "#edges"},
				"west": {"uv": [4, 5, 5, 6], "texture": "#edges"}
			}
		},
		{
			"from": [6.25, 8, 9],
			"to": [7, 9, 9.75],
			"faces": {
				"north": {"uv": [8, 5, 9, 6], "texture": "#edges"},
				"east": {"uv": [11, 5, 12, 6], "texture": "#edges"},
				"south": {"uv": [10, 5, 11, 6], "texture": "#edges"},
				"west": {"uv": [9, 5, 10, 6], "texture": "#edges"}
			}
		},
		{
			"from": [6.25, 8, 6.25],
			"to": [7, 9, 7],
			"faces": {
				"north": {"uv": [13, 5, 14, 6], "texture": "#edges"},
				"east": {"uv": [12, 5, 13, 6], "texture": "#edges"},
				"south": {"uv": [15, 5, 16, 6], "texture": "#edges"},
				"west": {"uv": [14, 5, 15, 6], "texture": "#edges"}
			}
		},
		{
			"from": [6.5, 8, 7],
			"to": [9.5, 9, 9],
			"faces": {
				"east": {"uv": [4, 5, 6, 6], "texture": "#glass"},
				"west": {"uv": [12, 5, 14, 6], "texture": "#glass"}
			}
		},
		{
			"from": [7, 8, 6.5],
			"to": [9, 9, 9.5],
			"faces": {
				"north": {"uv": [0, 5, 2, 6], "texture": "#glass"},
				"south": {"uv": [8, 5, 10, 6], "texture": "#glass"}
			}
		},
		{
			"from": [6.5, 10, 7.5],
			"to": [7.5, 12, 8.5],
			"rotation": {"angle": -45, "axis": "y", "origin": [8, 8, 8]},
			"faces": {
				"north": {"uv": [3, 14, 4, 16], "texture": "#chain"},
				"east": {"uv": [0, 14, 1, 16], "texture": "#chain"},
				"south": {"uv": [5, 14, 6, 16], "texture": "#chain"},
				"west": {"uv": [4, 14, 5, 16], "texture": "#chain"},
				"up": {"uv": [3, 13, 4, 14], "rotation": 180, "texture": "#chain"}
			}
		},
		{
			"from": [8.5, 10, 7.5],
			"to": [9.5, 12, 8.5],
			"rotation": {"angle": -45, "axis": "y", "origin": [8, 8, 8]},
			"faces": {
				"north": {"uv": [1, 14, 2, 16], "texture": "#chain"},
				"east": {"uv": [8, 14, 9, 16], "texture": "#chain"},
				"south": {"uv": [7, 14, 8, 16], "texture": "#chain"},
				"west": {"uv": [9, 14, 10, 16], "texture": "#chain"},
				"up": {"uv": [1, 13, 2, 14], "rotation": 180, "texture": "#chain"}
			}
		},
		{
			"from": [7.5, 11, 7.5],
			"to": [8.5, 12, 8.5],
			"rotation": {"angle": 45, "axis": "y", "origin": [8, 8, 8]},
			"faces": {
				"up": {"uv": [2, 13, 3, 14], "rotation": 270, "texture": "#chain"},
				"down": {"uv": [6, 13, 7, 14], "rotation": 180, "texture": "#chain"}
			}
		},
		{
			"from": [7.5, 14, 7.5],
			"to": [8.5, 15, 8.5],
			"rotation": {"angle": 45, "axis": "y", "origin": [8, 8, 8]},
			"faces": {
				"up": {"uv": [6, 2, 7, 3], "texture": "#chain"},
				"down": {"uv": [2, 2, 3, 3], "rotation": 90, "texture": "#chain"}
			}
		},
		{
			"from": [7.5, 11, 8.5],
			"to": [8.5, 15, 9.5],
			"rotation": {"angle": -45, "axis": "y", "origin": [8, 8, 8]},
			"faces": {
				"north": {"uv": [6, 6, 7, 10], "texture": "#chain"},
				"east": {"uv": [5, 6, 6, 10], "texture": "#chain"},
				"south": {"uv": [4, 6, 5, 10], "texture": "#chain"},
				"west": {"uv": [3, 6, 4, 10], "texture": "#chain"},
				"up": {"uv": [3, 5, 4, 6], "rotation": 90, "texture": "#chain"},
				"down": {"uv": [3, 10, 4, 11], "rotation": 270, "texture": "#chain"}
			}
		},
		{
			"from": [8.5, 11, 7.5],
			"to": [9.5, 15, 8.5],
			"rotation": {"angle": 45, "axis": "y", "origin": [8, 8, 8]},
			"faces": {
				"north": {"uv": [1, 6, 2, 10], "texture": "#chain"},
				"east": {"uv": [0, 6, 1, 10], "texture": "#chain"},
				"south": {"uv": [7, 6, 8, 10], "texture": "#chain"},
				"west": {"uv": [2, 6, 3, 10], "texture": "#chain"},
				"up": {"uv": [1, 5, 2, 6], "rotation": 180, "texture": "#chain"},
				"down": {"uv": [1, 10, 2, 11], "rotation": 180, "texture": "#chain"}
			}
		},
		{
			"from": [8.5, 14, 7.5],
			"to": [9.5, 16, 8.5],
			"rotation": {"angle": -45, "axis": "y", "origin": [8, 8, 8]},
			"faces": {
				"north": {"uv": [1, 0, 2, 2], "texture": "#chain"},
				"east": {"uv": [8, 0, 9, 2], "texture": "#chain"},
				"south": {"uv": [7, 0, 8, 2], "texture": "#chain"},
				"west": {"uv": [9, 0, 10, 2], "texture": "#chain"},
				"up": {"uv": [2, 0, 3, 1], "rotation": 180, "texture": "#chain", "cullface": "up"},
				"down": {"uv": [1, 2, 2, 3], "rotation": 180, "texture": "#chain"}
			}
		},
		{
			"from": [6.5, 14, 7.5],
			"to": [7.5, 16, 8.5],
			"rotation": {"angle": -45, "axis": "y", "origin": [8, 8, 8]},
			"faces": {
				"north": {"uv": [3, 0, 4, 2], "texture": "#chain"},
				"east": {"uv": [0, 0, 1, 2], "texture": "#chain"},
				"south": {"uv": [5, 0, 6, 2], "texture": "#chain"},
				"west": {"uv": [4, 0, 5, 2], "texture": "#chain"},
				"up": {"uv": [6, 0, 7, 1], "rotation": 180, "texture": "#chain", "cullface": "up"},
				"down": {"uv": [3, 2, 4, 3], "rotation": 180, "texture": "#chain"}
			}
		}
	],
	"groups": [
		{
			"name": "group",
			"origin": [8, 8, 8],
			"children": [0, 1, 2]
		},
		{
			"name": "group",
			"origin": [8, 8, 8],
			"children": [3, 4, 5, 6, 7, 8]
		},
		{
			"name": "group",
			"origin": [8, 8, 8],
			"children": [9, 10, 11, 12, 13, 14]
		},
		{
			"name": "group",
			"origin": [8, 8, 8],
			"children": [15, 16, 17, 18, 19, 20, 21, 22]
		}
	]
}