{
	"textures": {
		"handle": "minecraft:block/torch/handle"
	},
	"elements": [
		{
			"from": [6, 8, 12],
			"to": [10, 9, 13],
			"rotation": {"angle": 0, "axis": "y", "origin": [8, 9, 24]},
			"faces": {
				"north": {"uv": [11, 4, 15, 5], "texture": "#handle"},
				"east": {"uv": [10, 3, 11, 4], "rotation": 270, "texture": "#handle"},
				"south": {"uv": [11, 4, 15, 5], "texture": "#handle"},
				"west": {"uv": [15, 3, 16, 4], "rotation": 90, "texture": "#handle"},
				"up": {"uv": [11, 3, 15, 4], "rotation": 180, "texture": "#handle"},
				"down": {"uv": [11, 5, 15, 6], "rotation": 180, "texture": "#handle"}
			}
		},
		{
			"from": [6, 8, 13],
			"to": [7, 9, 16],
			"rotation": {"angle": 0, "axis": "y", "origin": [8, 9, 24]},
			"faces": {
				"east": {"uv": [15, 0, 16, 3], "rotation": 90, "texture": "#handle"},
				"south": {"uv": [14, 0, 15, 1], "texture": "#handle", "cullface": "south"},
				"west": {"uv": [15, 0, 16, 3], "rotation": 90, "texture": "#handle"},
				"up": {"uv": [14, 0, 15, 3], "rotation": 180, "texture": "#handle"},
				"down": {"uv": [14, 6, 15, 9], "rotation": 180, "texture": "#handle"}
			}
		},
		{
			"from": [9, 8, 13],
			"to": [10, 9, 16],
			"rotation": {"angle": 0, "axis": "y", "origin": [8, 9, 24]},
			"faces": {
				"east": {"uv": [10, 0, 11, 3], "rotation": 270, "texture": "#handle"},
				"south": {"uv": [11, 0, 12, 1], "texture": "#handle", "cullface": "south"},
				"west": {"uv": [10, 0, 11, 3], "rotation": 90, "texture": "#handle"},
				"up": {"uv": [11, 0, 12, 3], "rotation": 180, "texture": "#handle"},
				"down": {"uv": [11, 6, 12, 9], "rotation": 180, "texture": "#handle"}
			}
		},
		{
			"from": [6, 3, 14],
			"to": [10, 4, 16],
			"rotation": {"angle": 0, "axis": "y", "origin": [8, 9, 24]},
			"faces": {
				"north": {"uv": [11, 13, 15, 14], "texture": "#handle"},
				"east": {"uv": [10, 11, 11, 13], "rotation": 270, "texture": "#handle"},
				"south": {"uv": [11, 12, 15, 11], "rotation": 180, "texture": "#handle", "cullface": "south"},
				"west": {"uv": [15, 11, 16, 13], "rotation": 90, "texture": "#handle"},
				"up": {"uv": [11, 11, 15, 13], "rotation": 180, "texture": "#handle"},
				"down": {"uv": [11, 14, 15, 16], "rotation": 180, "texture": "#handle"}
			}
		}
	]
}