{
	"textures": {
		"top": "minecraft:block/furnace/top"
	},
	"elements": [
		{
			"from": [15, 15.5, 0],
			"to": [16, 16, 16],
			"faces": {
				"west": {"uv": [15.5, 0, 16, 16], "rotation": 270, "texture": "#top", "cullface": "up"},
				"up": {"uv": [15, 0, 16, 16], "texture": "#top", "cullface": "up"}
			}
		},
		{
			"from": [0, 15.5, 0],
			"to": [1, 16, 16],
			"faces": {
				"east": {"uv": [0, 0, 0.5, 16], "rotation": 90, "texture": "#top", "cullface": "up"},
				"up": {"uv": [0, 0, 1, 16], "texture": "#top", "cullface": "up"}
			}
		},
		{
			"from": [1, 15.5, 15],
			"to": [15, 16, 16],
			"faces": {
				"north": {"uv": [15, 16, 1, 15.5], "texture": "#top", "cullface": "up"},
				"up": {"uv": [1, 15, 15, 16], "texture": "#top", "cullface": "up"}
			}
		},
		{
			"from": [1, 15.5, 0],
			"to": [15, 16, 1],
			"faces": {
				"south": {"uv": [15, 1, 1, 0], "rotation": 180, "texture": "#top", "cullface": "up"},
				"up": {"uv": [1, 0, 15, 1], "texture": "#top", "cullface": "up"}
			}
		},
		{
			"from": [1, 15.5, 1],
			"to": [15, 15.5, 15],
			"faces": {
				"up": {"uv": [1, 1, 15, 15], "texture": "#top", "cullface": "up"}
			}
		}
	]
}