{
	"multipart": [
		{
			"apply": [
				{ "model": "minecraft:block/bookshelf/base_oak", "y": 0 },
				{ "model": "minecraft:block/bookshelf/base_oak", "y": 90 },
				{ "model": "minecraft:block/bookshelf/base_oak", "y": 180 },
				{ "model": "minecraft:block/bookshelf/base_oak", "y": 270 }
			]
		},
		{
			"apply": { "model": "minecraft:block/bookshelf/planks_oak" }
		},
		{
			"apply": [
				{ "model": "minecraft:block/bookshelf/books_top_normal_0", "y": 0, "weight": 100 },
				{ "model": "minecraft:block/bookshelf/books_top_normal_0", "y": 90, "weight": 100 },
				{ "model": "minecraft:block/bookshelf/books_top_normal_0", "y": 180, "weight": 100 },
				{ "model": "minecraft:block/bookshelf/books_top_normal_0", "y": 270, "weight": 100 },
				{ "model": "minecraft:block/bookshelf/books_top_normal_1", "y": 0, "weight": 100 },
				{ "model": "minecraft:block/bookshelf/books_top_normal_1", "y": 90, "weight": 100 },
				{ "model": "minecraft:block/bookshelf/books_top_normal_1", "y": 180, "weight": 100 },
				{ "model": "minecraft:block/bookshelf/books_top_normal_1", "y": 270, "weight": 100 },
				{ "model": "minecraft:block/bookshelf/books_top_extra_0", "y": 0, "weight": 1 },
				{ "model": "minecraft:block/bookshelf/books_top_extra_0", "y": 90, "weight": 1 },
				{ "model": "minecraft:block/bookshelf/books_top_extra_0", "y": 180, "weight": 1 },
				{ "model": "minecraft:block/bookshelf/books_top_extra_0", "y": 270, "weight": 1 },
				{ "model": "minecraft:block/bookshelf/books_top_extra_1", "y": 0, "weight": 1 },
				{ "model": "minecraft:block/bookshelf/books_top_extra_1", "y": 90, "weight": 1 },
				{ "model": "minecraft:block/bookshelf/books_top_extra_1", "y": 180, "weight": 1 },
				{ "model": "minecraft:block/bookshelf/books_top_extra_1", "y": 270, "weight": 1 }
			]
		},
		{
			"apply": [
				{ "model": "minecraft:block/bookshelf/books_bottom_normal_0", "y": 0, "weight": 8 },
				{ "model": "minecraft:block/bookshelf/books_bottom_normal_0", "y": 90, "weight": 8 },
				{ "model": "minecraft:block/bookshelf/books_bottom_normal_0", "y": 180, "weight": 8 },
				{ "model": "minecraft:block/bookshelf/books_bottom_normal_0", "y": 270, "weight": 8 },
				{ "model": "minecraft:block/bookshelf/books_bottom_normal_1", "y": 0, "weight": 8 },
				{ "model": "minecraft:block/bookshelf/books_bottom_normal_1", "y": 90, "weight": 8 },
				{ "model": "minecraft:block/bookshelf/books_bottom_normal_1", "y": 180, "weight": 8 },
				{ "model": "minecraft:block/bookshelf/books_bottom_normal_1", "y": 270, "weight": 8 },
				{ "model": "minecraft:block/bookshelf/books_bottom_flower_0", "y": 0, "weight": 1 },
				{ "model": "minecraft:block/bookshelf/books_bottom_flower_0", "y": 90, "weight": 1 },
				{ "model": "minecraft:block/bookshelf/books_bottom_flower_0", "y": 180, "weight": 1 },
				{ "model": "minecraft:block/bookshelf/books_bottom_flower_0", "y": 270, "weight": 1 },
				{ "model": "minecraft:block/bookshelf/books_bottom_flower_1", "y": 0, "weight": 1 },
				{ "model": "minecraft:block/bookshelf/books_bottom_flower_1", "y": 90, "weight": 1 },
				{ "model": "minecraft:block/bookshelf/books_bottom_flower_1", "y": 180, "weight": 1 },
				{ "model": "minecraft:block/bookshelf/books_bottom_flower_1", "y": 270, "weight": 1 },
				{ "model": "minecraft:block/bookshelf/books_bottom_globe_0", "y": 0, "weight": 1 },
				{ "model": "minecraft:block/bookshelf/books_bottom_globe_0", "y": 90, "weight": 1 },
				{ "model": "minecraft:block/bookshelf/books_bottom_globe_0", "y": 180, "weight": 1 },
				{ "model": "minecraft:block/bookshelf/books_bottom_globe_0", "y": 270, "weight": 1 },
				{ "model": "minecraft:block/bookshelf/books_bottom_globe_1", "y": 0, "weight": 1 },
				{ "model": "minecraft:block/bookshelf/books_bottom_globe_1", "y": 90, "weight": 1 },
				{ "model": "minecraft:block/bookshelf/books_bottom_globe_1", "y": 180, "weight": 1 },
				{ "model": "minecraft:block/bookshelf/books_bottom_globe_1", "y": 270, "weight": 1 }
			]
		}
	]
}