{
	"multipart": [
		{
			"apply": { "model": "minecraft:block/note_block/jukebox_top", "y": 0 }
		},
		{
			"when": { "has_record": true },
			"apply": { "model": "minecraft:block/note_block/record", "y": 0 }
		},
		{
			"apply": { "model": "minecraft:block/note_block/side_default", "y": 0 }
		},
		{
			"apply": { "model": "minecraft:block/note_block/side_default", "y": 90 }
		},
		{
			"apply": { "model": "minecraft:block/note_block/side_default", "y": 180 }
		},
		{
			"apply": { "model": "minecraft:block/note_block/side_default", "y": 270 }
		},
		{
			"apply": { "model": "minecraft:block/note_block/side_default", "y": 180, "x": 90 }
		}
	]
}