{
	"multipart": [
		{
			"when": { "powered": false, "facing": "up" },
			"apply": { "model": "minecraft:block/observer_off", "x": -90 }
		},
		{
			"when": { "powered": false, "facing": "down" },
			"apply": { "model": "minecraft:block/observer_off", "x": 90 }
		},
		{
			"when": { "powered": false, "facing": "north" },
			"apply": { "model": "minecraft:block/observer_off" }
		},
		{
			"when": { "powered": false, "facing": "east" },
			"apply": { "model": "minecraft:block/observer_off", "y": 90 }
		},
		{
			"when": { "powered": false, "facing": "south" },
			"apply": { "model": "minecraft:block/observer_off", "y": 180 }
		},
		{
			"when": { "powered": false, "facing": "west" },
			"apply": { "model": "minecraft:block/observer_off", "y": 270 }
		},
		{
			"when": { "powered": true, "facing": "up" },
			"apply": { "model": "minecraft:block/observer_on", "x": -90 }
		},
		{
			"when": { "powered": true, "facing": "down" },
			"apply": { "model": "minecraft:block/observer_on", "x": 90 }
		},
		{
			"when": { "powered": true, "facing": "north" },
			"apply": { "model": "minecraft:block/observer_on" }
		},
		{
			"when": { "powered": true, "facing": "east" },
			"apply": { "model": "minecraft:block/observer_on", "y": 90 }
		},
		{
			"when": { "powered": true, "facing": "south" },
			"apply": { "model": "minecraft:block/observer_on", "y": 180 }
		},
		{
			"when": { "powered": true, "facing": "west" },
			"apply": { "model": "minecraft:block/observer_on", "y": 270 }
		}
	]
}