{
	"variants": {
		"shape=north_south": {
			"model": "minecraft:block/rail/base_straight", "y": 0
        },
		"shape=east_west": {
			"model": "minecraft:block/rail/base_straight", "y": 90
        },
		"shape=south_east": {
			"model": "minecraft:block/rail/base_corner", "y": 0
		},
		"shape=south_west": {
			"model": "minecraft:block/rail/base_corner", "y": 90
		},
		"shape=north_west": {
			"model": "minecraft:block/rail/base_corner", "y": 180
		},
		"shape=north_east": {
			"model": "minecraft:block/rail/base_corner", "y": 270
		},
		"shape=ascending_north": {
			"model": "minecraft:block/rail/base_slope", "y": 0
		},
		"shape=ascending_east": {
			"model": "minecraft:block/rail/base_slope", "y": 90
		},
		"shape=ascending_south": {
			"model": "minecraft:block/rail/base_slope", "y": 180
		},
		"shape=ascending_west": {
			"model": "minecraft:block/rail/base_slope", "y": 270
		}
	}
}