{
	"ambientocclusion": false,
	"parent": "minecraft:block/fungus/generic_warped",
	"elements": [
		{
			"from": [7, 0, 7],
			"to": [9, 5, 9],
			"faces": {
				"north": {"uv": [0, 2, 2, 7], "texture": "#stem"},
				"east": {"uv": [2, 2, 4, 7], "texture": "#stem"},
				"south": {"uv": [4, 2, 6, 7], "texture": "#stem"},
				"west": {"uv": [6, 2, 8, 7], "texture": "#stem"},
				"down": {"uv": [0, 7, 2, 9], "texture": "#stem", "cullface": "down"}
			}
		},
		{
			"from": [3.5, 5, 3.5],
			"to": [12.5, 9, 12.5],
			"faces": {
				"north": {"uv": [0, 0, 9, 4], "texture": "#side"},
				"east": {"uv": [0, 4, 9, 8], "texture": "#side"},
				"south": {"uv": [0, 8, 9, 12], "texture": "#side"},
				"west": {"uv": [0, 12, 9, 16], "texture": "#side"},
				"up": {"uv": [0, 0, 9, 9], "texture": "#top"},
				"down": {"uv": [0, 0, 9, 9], "texture": "#bottom"}
			}
		}
	]
}