{
	"textures": {
		"post": "minecraft:block/iron_bars/post",
		"particle": "minecraft:block/iron_bars"
	},
	"elements": [
		{
			"from": [7, 0, 7],
			"to": [9, 16, 9],
			"faces": {
				"north": {"uv": [0, 0, 2, 16], "texture": "#post"},
				"east": {"uv": [6, 0, 8, 16], "texture": "#post"},
				"south": {"uv": [4, 0, 6, 16], "texture": "#post"},
				"west": {"uv": [2, 0, 4, 16], "texture": "#post"},
				"up": {"uv": [10, 2, 8, 0], "texture": "#post", "cullface": "up"},
				"down": {"uv": [12, 2, 10, 0], "texture": "#post", "cullface": "down"}
			}
		}
	]
}