{
	"textures": {
		"base_side": "minecraft:block/piston/base_side",
		"particle": "minecraft:block/piston_side"
	},
	"elements": [
		{
			"from": [15, 15, 4],
			"to": [16, 16, 16],
			"faces": {
				"east": {"uv": [0, 4, 1, 16], "rotation": 90, "texture": "#base_side", "cullface": "east"},
				"west": {"uv": [15, 4, 16, 16], "rotation": 270, "texture": "#base_side", "cullface": "up"},
				"up": {"uv": [15, 4, 16, 16], "texture": "#base_side", "cullface": "up"},
				"down": {"uv": [1, 4, 0, 16], "rotation": 180, "texture": "#base_side", "cullface": "east"}
			}
		},
		{
			"from": [0, 15, 4],
			"to": [1, 16, 16],
			"faces": {
				"east": {"uv": [0, 4, 1, 16], "rotation": 90, "texture": "#base_side", "cullface": "up"},
				"west": {"uv": [15, 4, 16, 16], "rotation": 270, "texture": "#base_side", "cullface": "west"},
				"up": {"uv": [0, 4, 1, 16], "texture": "#base_side", "cullface": "up"},
				"down": {"uv": [16, 4, 15, 16], "rotation": 180, "texture": "#base_side", "cullface": "west"}
			}
		},
		{
			"from": [0, 0, 4],
			"to": [1, 1, 16],
			"faces": {
				"east": {"uv": [15, 4, 16, 16], "rotation": 90, "texture": "#base_side", "cullface": "down"},
				"west": {"uv": [0, 4, 1, 16], "rotation": 270, "texture": "#base_side", "cullface": "west"},
				"up": {"uv": [1, 4, 0, 16], "texture": "#base_side", "cullface": "west"},
				"down": {"uv": [15, 4, 16, 16], "rotation": 180, "texture": "#base_side", "cullface": "down"}
			}
		},
		{
			"from": [15, 0, 4],
			"to": [16, 1, 16],
			"faces": {
				"east": {"uv": [15, 4, 16, 16], "rotation": 90, "texture": "#base_side", "cullface": "east"},
				"west": {"uv": [0, 4, 1, 16], "rotation": 270, "texture": "#base_side", "cullface": "down"},
				"up": {"uv": [16, 4, 15, 16], "texture": "#base_side", "cullface": "east"},
				"down": {"uv": [0, 4, 1, 16], "rotation": 180, "texture": "#base_side", "cullface": "down"}
			}
		},
		{
			"from": [1, 15.5, 15],
			"to": [15, 16, 16],
			"faces": {
				"north": {"uv": [15, 16, 1, 15.5], "texture": "#base_side", "cullface": "up"},
				"up": {"uv": [1, 15, 15, 16], "texture": "#base_side", "cullface": "up"}
			}
		},
		{
			"from": [1, 15.5, 4],
			"to": [15, 16, 5],
			"faces": {
				"south": {"uv": [14.5, 4.5, 0.5, 4], "rotation": 180, "texture": "#base_side", "cullface": "up"},
				"up": {"uv": [1, 4, 15, 5], "texture": "#base_side", "cullface": "up"}
			}
		},
		{
			"from": [1, 15.5, 5],
			"to": [15, 15.5, 15],
			"faces": {
				"up": {"uv": [1, 5, 15, 15], "texture": "#base_side", "cullface": "up"}
			}
		},
		{
			"from": [15.5, 1, 15],
			"to": [16, 15, 16],
			"faces": {
				"north": {"uv": [15, 16, 1, 15.5], "rotation": 270, "texture": "#base_side", "cullface": "east"},
				"east": {"uv": [1, 15, 15, 16], "rotation": 90, "texture": "#base_side", "cullface": "east"}
			}
		},
		{
			"from": [15.5, 1, 4],
			"to": [16, 15, 5],
			"faces": {
				"east": {"uv": [1, 4, 15, 5], "rotation": 90, "texture": "#base_side", "cullface": "east"},
				"south": {"uv": [14.5, 4.5, 0.5, 4], "rotation": 270, "texture": "#base_side", "cullface": "east"}
			}
		},
		{
			"from": [15.5, 1, 5],
			"to": [15.5, 15, 15],
			"faces": {
				"east": {"uv": [1, 5, 15, 15], "rotation": 90, "texture": "#base_side", "cullface": "east"}
			}
		},
		{
			"from": [1, 0, 15],
			"to": [15, 0.5, 16],
			"faces": {
				"north": {"uv": [15, 16, 1, 15.5], "rotation": 180, "texture": "#base_side", "cullface": "down"},
				"down": {"uv": [1, 15, 15, 16], "rotation": 180, "texture": "#base_side", "cullface": "down"}
			}
		},
		{
			"from": [1, 0, 4],
			"to": [15, 0.5, 5],
			"faces": {
				"south": {"uv": [14.5, 4.5, 0.5, 4], "texture": "#base_side", "cullface": "down"},
				"down": {"uv": [1, 4, 15, 5], "rotation": 180, "texture": "#base_side", "cullface": "down"}
			}
		},
		{
			"from": [1, 0.5, 5],
			"to": [15, 0.5, 15],
			"faces": {
				"down": {"uv": [1, 5, 15, 15], "rotation": 180, "texture": "#base_side", "cullface": "down"}
			}
		},
		{
			"from": [0, 1, 15],
			"to": [0.5, 15, 16],
			"faces": {
				"north": {"uv": [15, 16, 1, 15.5], "rotation": 90, "texture": "#base_side", "cullface": "west"},
				"west": {"uv": [1, 15, 15, 16], "rotation": 270, "texture": "#base_side", "cullface": "west"}
			}
		},
		{
			"from": [0, 1, 4],
			"to": [0.5, 15, 5],
			"faces": {
				"south": {"uv": [14.5, 4.5, 0.5, 4], "rotation": 90, "texture": "#base_side", "cullface": "west"},
				"west": {"uv": [1, 4, 15, 5], "rotation": 270, "texture": "#base_side", "cullface": "west"}
			}
		},
		{
			"from": [0.5, 1, 5],
			"to": [0.5, 15, 15],
			"faces": {
				"west": {"uv": [1, 5, 15, 15], "rotation": 270, "texture": "#base_side", "cullface": "west"}
			}
		}
	],
	"groups": [
		{
			"name": "group",
			"origin": [8, 8, 8],
			"children": [0, 1, 2, 3]
		},
		{
			"name": "group",
			"origin": [8, 8, 8],
			"children": [4, 5, 6]
		},
		{
			"name": "group",
			"origin": [8, 8, 8],
			"children": [7, 8, 9]
		},
		{
			"name": "group",
			"origin": [8, 8, 8],
			"children": [10, 11, 12]
		},
		{
			"name": "group",
			"origin": [8, 8, 8],
			"children": [13, 14, 15]
		}
	]
}