{
	"elements": [
		{
			"from": [1, 4, -0.5],
			"to": [3, 6, 0],
			"faces": {
				"north": {"uv": [13, 10, 15, 12], "texture": "#ore", "cullface": "north"},
				"east": {"uv": [13.5, 10, 13, 12], "texture": "#ore", "cullface": "north"},
				"west": {"uv": [15, 10, 14.5, 12], "texture": "#ore", "cullface": "north"},
				"up": {"uv": [15, 10, 13, 10.5], "texture": "#ore", "cullface": "north"},
				"down": {"uv": [15, 11.5, 13, 12], "texture": "#ore", "cullface": "north"}
			}
		},
		{
			"from": [2, 11, -0.5],
			"to": [4, 13, 0],
			"faces": {
				"north": {"uv": [12, 3, 14, 5], "texture": "#ore", "cullface": "north"},
				"east": {"uv": [12.5, 3, 12, 5], "texture": "#ore", "cullface": "north"},
				"west": {"uv": [14, 3, 13.5, 5], "texture": "#ore", "cullface": "north"},
				"up": {"uv": [14, 3, 12, 3.5], "texture": "#ore", "cullface": "north"},
				"down": {"uv": [14, 4.5, 12, 5], "texture": "#ore", "cullface": "north"}
			}
		},
		{
			"from": [4, 5, -0.5],
			"to": [6, 7, 0],
			"faces": {
				"north": {"uv": [10, 9, 12, 11], "texture": "#ore", "cullface": "north"},
				"east": {"uv": [10.5, 9, 10, 11], "texture": "#ore", "cullface": "north"},
				"west": {"uv": [12, 9, 11.5, 11], "texture": "#ore", "cullface": "north"},
				"up": {"uv": [12, 9, 10, 9.5], "texture": "#ore", "cullface": "north"},
				"down": {"uv": [12, 10.5, 10, 11], "texture": "#ore", "cullface": "north"}
			}
		},
		{
			"from": [7, 3, -0.5],
			"to": [9, 5, 0],
			"faces": {
				"north": {"uv": [7, 11, 9, 13], "texture": "#ore", "cullface": "north"},
				"east": {"uv": [7.5, 11, 7, 13], "texture": "#ore", "cullface": "north"},
				"west": {"uv": [9, 11, 8.5, 13], "texture": "#ore", "cullface": "north"},
				"up": {"uv": [9, 11, 7, 11.5], "texture": "#ore", "cullface": "north"},
				"down": {"uv": [9, 12.5, 7, 13], "texture": "#ore", "cullface": "north"}
			}
		},
		{
			"from": [8, 13, -0.5],
			"to": [10, 15, 0],
			"faces": {
				"north": {"uv": [6, 1, 8, 3], "texture": "#ore", "cullface": "north"},
				"east": {"uv": [6.5, 1, 6, 3], "texture": "#ore", "cullface": "north"},
				"west": {"uv": [8, 1, 7.5, 3], "texture": "#ore", "cullface": "north"},
				"up": {"uv": [8, 1, 6, 1.5], "texture": "#ore", "cullface": "north"},
				"down": {"uv": [8, 2.5, 6, 3], "texture": "#ore", "cullface": "north"}
			}
		},
		{
			"from": [8, 9, -0.5],
			"to": [10, 11, 0],
			"faces": {
				"north": {"uv": [6, 5, 8, 7], "texture": "#ore", "cullface": "north"},
				"east": {"uv": [6.5, 5, 6, 7], "texture": "#ore", "cullface": "north"},
				"west": {"uv": [8, 5, 7.5, 7], "texture": "#ore", "cullface": "north"},
				"up": {"uv": [8, 5, 6, 5.5], "texture": "#ore", "cullface": "north"},
				"down": {"uv": [8, 6.5, 6, 7], "texture": "#ore", "cullface": "north"}
			}
		},
		{
			"from": [8, 6, -0.5],
			"to": [10, 8, 0],
			"faces": {
				"north": {"uv": [6, 8, 8, 10], "texture": "#ore", "cullface": "north"},
				"east": {"uv": [6.5, 8, 6, 10], "texture": "#ore", "cullface": "north"},
				"west": {"uv": [8, 8, 7.5, 10], "texture": "#ore", "cullface": "north"},
				"up": {"uv": [8, 8, 6, 8.5], "texture": "#ore", "cullface": "north"},
				"down": {"uv": [8, 9.5, 6, 10], "texture": "#ore", "cullface": "north"}
			}
		},
		{
			"from": [10, 10, -0.5],
			"to": [12, 12, 0],
			"faces": {
				"north": {"uv": [4, 4, 6, 6], "texture": "#ore", "cullface": "north"},
				"east": {"uv": [4.5, 4, 4, 6], "texture": "#ore", "cullface": "north"},
				"west": {"uv": [6, 4, 5.5, 6], "texture": "#ore", "cullface": "north"},
				"up": {"uv": [6, 4, 4, 4.5], "texture": "#ore", "cullface": "north"},
				"down": {"uv": [6, 5.5, 4, 6], "texture": "#ore", "cullface": "north"}
			}
		},
		{
			"from": [13, 1, -0.5],
			"to": [15, 3, 0],
			"faces": {
				"north": {"uv": [1, 13, 3, 15], "texture": "#ore", "cullface": "north"},
				"east": {"uv": [1.5, 13, 1, 15], "texture": "#ore", "cullface": "north"},
				"west": {"uv": [3, 13, 2.5, 15], "texture": "#ore", "cullface": "north"},
				"up": {"uv": [3, 13, 1, 13.5], "texture": "#ore", "cullface": "north"},
				"down": {"uv": [3, 14.5, 1, 15], "texture": "#ore", "cullface": "north"}
			}
		}
	]
}