{
	"elements": [
		{
			"from": [2, 3, -0.5],
			"to": [3, 4, 0],
			"faces": {
				"north": {"uv": [13, 12, 14, 13], "texture": "#ore", "cullface": "north"},
				"east": {"uv": [13.5, 12, 13, 13], "texture": "#ore", "cullface": "north"},
				"west": {"uv": [14, 12, 13.5, 13], "texture": "#ore", "cullface": "north"},
				"up": {"uv": [14, 12, 13, 12.5], "texture": "#ore", "cullface": "north"},
				"down": {"uv": [14, 12.5, 13, 13], "texture": "#ore", "cullface": "north"}
			}
		},
		{
			"from": [5, 9, -0.5],
			"to": [6, 10, 0],
			"faces": {
				"north": {"uv": [10, 6, 11, 7], "texture": "#ore", "cullface": "north"},
				"west": {"uv": [11, 6, 10.5, 7], "texture": "#ore", "cullface": "north"},
				"down": {"uv": [11, 6.5, 10, 7], "texture": "#ore", "cullface": "north"}
			}
		},
		{
			"from": [6, 13, -0.5],
			"to": [7, 15, 0],
			"faces": {
				"north": {"uv": [9, 1, 10, 3], "texture": "#ore", "cullface": "north"},
				"east": {"uv": [9.5, 1, 9, 3], "texture": "#ore", "cullface": "north"},
				"west": {"uv": [10, 1, 9.5, 3], "texture": "#ore", "cullface": "north"},
				"up": {"uv": [10, 1, 9, 1.5], "texture": "#ore", "cullface": "north"},
				"down": {"uv": [10, 2.5, 9, 3], "texture": "#ore", "cullface": "north"}
			}
		},
		{
			"from": [10, 12, -0.5],
			"to": [11, 13, 0],
			"faces": {
				"north": {"uv": [5, 3, 6, 4], "texture": "#ore", "cullface": "north"},
				"east": {"uv": [5.5, 3, 5, 4], "texture": "#ore", "cullface": "north"},
				"up": {"uv": [6, 3, 5, 3.5], "texture": "#ore", "cullface": "north"}
			}
		},
		{
			"from": [10, 10, -0.5],
			"to": [11, 11, 0],
			"faces": {
				"north": {"uv": [5, 5, 6, 6], "texture": "#ore", "cullface": "north"},
				"west": {"uv": [6, 5, 5.5, 6], "texture": "#ore", "cullface": "north"}
			}
		},
		{
			"from": [8, 2, -0.5],
			"to": [9, 4, 0],
			"faces": {
				"north": {"uv": [7, 12, 8, 14], "texture": "#ore", "cullface": "north"},
				"east": {"uv": [7.5, 12, 7, 14], "texture": "#ore", "cullface": "north"},
				"up": {"uv": [8, 12, 7, 12.5], "texture": "#ore", "cullface": "north"},
				"down": {"uv": [8, 13.5, 7, 14], "texture": "#ore", "cullface": "north"}
			}
		},
		{
			"from": [11, 4, -0.5],
			"to": [14, 5, 0],
			"faces": {
				"north": {"uv": [2, 11, 5, 12], "texture": "#ore", "cullface": "north"},
				"east": {"uv": [2.5, 11, 2, 12], "texture": "#ore", "cullface": "north"},
				"west": {"uv": [5, 11, 4.5, 12], "texture": "#ore", "cullface": "north"},
				"up": {"uv": [5, 11, 2, 11.5], "texture": "#ore", "cullface": "north"},
				"down": {"uv": [5, 11.5, 2, 12], "texture": "#ore", "cullface": "north"}
			}
		},
		{
			"from": [10, 5, -0.5],
			"to": [13, 6, 0],
			"faces": {
				"north": {"uv": [3, 10, 6, 11], "texture": "#ore", "cullface": "north"},
				"east": {"uv": [3.5, 10, 3, 11], "texture": "#ore", "cullface": "north"},
				"west": {"uv": [6, 10, 5.5, 11], "texture": "#ore", "cullface": "north"},
				"up": {"uv": [6, 10, 3, 10.5], "texture": "#ore", "cullface": "north"},
				"down": {"uv": [6, 10.5, 3, 11], "texture": "#ore", "cullface": "north"}
			}
		},
		{
			"from": [9, 11, -0.5],
			"to": [12, 12, 0],
			"faces": {
				"north": {"uv": [4, 4, 7, 5], "texture": "#ore", "cullface": "north"},
				"east": {"uv": [4.5, 4, 4, 5], "texture": "#ore", "cullface": "north"},
				"west": {"uv": [7, 4, 6.5, 5], "texture": "#ore", "cullface": "north"},
				"up": {"uv": [7, 4, 4, 4.5], "texture": "#ore", "cullface": "north"},
				"down": {"uv": [7, 4.5, 4, 5], "texture": "#ore", "cullface": "north"}
			}
		},
		{
			"from": [4, 10, -0.5],
			"to": [8, 11, 0],
			"faces": {
				"north": {"uv": [8, 5, 12, 6], "texture": "#ore", "cullface": "north"},
				"east": {"uv": [8.5, 5, 8, 6], "texture": "#ore", "cullface": "north"},
				"west": {"uv": [12, 5, 11.5, 6], "texture": "#ore", "cullface": "north"},
				"up": {"uv": [12, 5, 8, 5.5], "texture": "#ore", "cullface": "north"},
				"down": {"uv": [12, 5.5, 8, 6], "texture": "#ore", "cullface": "north"}
			}
		},
		{
			"from": [7, 12, -0.5],
			"to": [10, 14, 0],
			"faces": {
				"north": {"uv": [6, 2, 9, 4], "texture": "#ore", "cullface": "north"},
				"east": {"uv": [6.5, 2, 6, 4], "texture": "#ore", "cullface": "north"},
				"west": {"uv": [9, 2, 8.5, 4], "texture": "#ore", "cullface": "north"},
				"up": {"uv": [9, 2, 6, 2.5], "texture": "#ore", "cullface": "north"},
				"down": {"uv": [9, 3.5, 6, 4], "texture": "#ore", "cullface": "north"}
			}
		},
		{
			"from": [9, 6, -0.5],
			"to": [12, 8, 0],
			"faces": {
				"north": {"uv": [4, 8, 7, 10], "texture": "#ore", "cullface": "north"},
				"east": {"uv": [3.5, 5, 3, 7], "texture": "#ore", "cullface": "north"},
				"west": {"uv": [7, 8, 6.5, 10], "texture": "#ore", "cullface": "north"},
				"up": {"uv": [7, 8, 4, 8.5], "texture": "#ore", "cullface": "north"},
				"down": {"uv": [7, 9.5, 4, 10], "texture": "#ore", "cullface": "north"}
			}
		},
		{
			"from": [11, 9, -0.5],
			"to": [13, 11, 0],
			"faces": {
				"north": {"uv": [3, 5, 5, 7], "texture": "#ore", "cullface": "north"},
				"east": {"uv": [3.5, 5, 3, 7], "texture": "#ore", "cullface": "north"},
				"up": {"uv": [5, 5, 3, 5.5], "texture": "#ore", "cullface": "north"},
				"down": {"uv": [5, 6.5, 3, 7], "texture": "#ore", "cullface": "north"}
			}
		},
		{
			"from": [6, 8, -0.5],
			"to": [11, 10, 0],
			"faces": {
				"north": {"uv": [5, 6, 10, 8], "texture": "#ore", "cullface": "north"},
				"east": {"uv": [5.5, 6, 5, 8], "texture": "#ore", "cullface": "north"},
				"west": {"uv": [10, 6, 9.5, 8], "texture": "#ore", "cullface": "north"},
				"up": {"uv": [10, 6, 5, 6.5], "texture": "#ore", "cullface": "north"},
				"down": {"uv": [10, 7.5, 5, 8], "texture": "#ore", "cullface": "north"}
			}
		},
		{
			"from": [3, 4, -0.5],
			"to": [4, 8, 0],
			"faces": {
				"north": {"uv": [12, 8, 13, 12], "texture": "#ore", "cullface": "north"},
				"east": {"uv": [12.5, 8, 12, 12], "texture": "#ore", "cullface": "north"},
				"west": {"uv": [13, 8, 12.5, 12], "texture": "#ore", "cullface": "north"},
				"up": {"uv": [13, 8, 12, 8.5], "texture": "#ore", "cullface": "north"},
				"down": {"uv": [13, 11.5, 12, 12], "texture": "#ore", "cullface": "north"}
			}
		},
		{
			"from": [7, 1, -0.5],
			"to": [8, 5, 0],
			"faces": {
				"north": {"uv": [8, 11, 9, 15], "texture": "#ore", "cullface": "north"},
				"east": {"uv": [8.5, 11, 8, 15], "texture": "#ore", "cullface": "north"},
				"west": {"uv": [9, 11, 8.5, 15], "texture": "#ore", "cullface": "north"},
				"up": {"uv": [9, 11, 8, 11.5], "texture": "#ore", "cullface": "north"},
				"down": {"uv": [9, 14.5, 8, 15], "texture": "#ore", "cullface": "north"}
			}
		},
		{
			"from": [6, 3, -0.5],
			"to": [7, 6, 0],
			"faces": {
				"north": {"uv": [9, 10, 10, 13], "texture": "#ore", "cullface": "north"},
				"east": {"uv": [9.5, 10, 9, 13], "texture": "#ore", "cullface": "north"},
				"west": {"uv": [10, 10, 9.5, 13], "texture": "#ore", "cullface": "north"},
				"up": {"uv": [10, 10, 9, 10.5], "texture": "#ore", "cullface": "north"},
				"down": {"uv": [10, 12.5, 9, 13], "texture": "#ore", "cullface": "north"}
			}
		},
		{
			"from": [1, 6, -0.5],
			"to": [2, 10, 0],
			"faces": {
				"north": {"uv": [14, 6, 15, 10], "texture": "#ore", "cullface": "north"},
				"east": {"uv": [14.5, 6, 14, 10], "texture": "#ore", "cullface": "north"},
				"west": {"uv": [15, 6, 14.5, 10], "texture": "#ore", "cullface": "north"},
				"up": {"uv": [15, 6, 14, 6.5], "texture": "#ore", "cullface": "north"},
				"down": {"uv": [15, 9.5, 14, 10], "texture": "#ore", "cullface": "north"}
			}
		},
		{
			"from": [2, 5, -0.5],
			"to": [3, 9, 0],
			"faces": {
				"north": {"uv": [13, 7, 14, 11], "texture": "#ore", "cullface": "north"},
				"east": {"uv": [13.5, 7, 13, 11], "texture": "#ore", "cullface": "north"},
				"west": {"uv": [14, 7, 13.5, 11], "texture": "#ore", "cullface": "north"},
				"up": {"uv": [14, 7, 13, 7.5], "texture": "#ore", "cullface": "north"},
				"down": {"uv": [14, 10.5, 13, 11], "texture": "#ore", "cullface": "north"}
			}
		},
		{
			"from": [3, 2, -0.5],
			"to": [5, 3, 0],
			"faces": {
				"north": {"uv": [11, 13, 13, 14], "texture": "#ore", "cullface": "north"},
				"east": {"uv": [13.5, 12, 13, 13], "texture": "#ore", "cullface": "north"},
				"west": {"uv": [13, 13, 12.5, 14], "texture": "#ore", "cullface": "north"},
				"up": {"uv": [13, 13, 11, 13.5], "texture": "#ore", "cullface": "north"},
				"down": {"uv": [13, 13.5, 11, 14], "texture": "#ore", "cullface": "north"}
			}
		}
	],
	"groups": [
		{
			"name": "group",
			"origin": [8, 8, 8],
			"children": [0, 1, 2, 3, 4, 5, 6, 7, 8, 9, 10, 11, 12, 13, 14, 15, 16, 17, 18, 19]
		},
		{
			"name": "group",
			"origin": [8, 8, 8],
			"children": []
		},
		{
			"name": "group",
			"origin": [8, 8, 8],
			"children": []
		},
		{
			"name": "group",
			"origin": [8, 8, 8],
			"children": []
		},
		{
			"name": "group",
			"origin": [8, 8, 8],
			"children": []
		},
		{
			"name": "group",
			"origin": [8, 8, 8],
			"children": []
		}
	]
}